-- phpMyAdmin SQL Dump
-- version 5.2.1
-- https://www.phpmyadmin.net/
--
-- Servidor: 127.0.0.1:3333
-- Tiempo de generación: 26-09-2024 a las 01:34:46
-- Versión del servidor: 10.4.32-MariaDB
-- Versión de PHP: 8.2.12

SET SQL_MODE = "NO_AUTO_VALUE_ON_ZERO";
START TRANSACTION;
SET time_zone = "+00:00";


/*!40101 SET @OLD_CHARACTER_SET_CLIENT=@@CHARACTER_SET_CLIENT */;
/*!40101 SET @OLD_CHARACTER_SET_RESULTS=@@CHARACTER_SET_RESULTS */;
/*!40101 SET @OLD_COLLATION_CONNECTION=@@COLLATION_CONNECTION */;
/*!40101 SET NAMES utf8mb4 */;

--
-- Base de datos: `localsystem`
--

-- --------------------------------------------------------
CREATE TABLE `users`(
  `id` bigint(20) NOT NULL,
  `email` varchar(255) NOT NULL,
  `password` varchar(255) NOT NULL
) ENGINE=InnoDB DEFAULT CHARSET=utf8mb4 COLLATE=utf8mb4_general_ci;

INSERT INTO users (id,email,password) VALUES (0,'kioscobotanico@gmail.com','$2a$10$A8LYmaVXlCNZGRfdt2ylbuGZr1t3nE6BXDHQCpAeFRIMBUiv8UyuG');

--
-- Estructura de tabla para la tabla `categories`
--

CREATE TABLE `categories` (
  `id` bigint(20) NOT NULL,
  `name` varchar(255) DEFAULT NULL,
  `image` varchar(255) DEFAULT NULL
) ENGINE=InnoDB DEFAULT CHARSET=utf8mb4 COLLATE=utf8mb4_general_ci;

--
-- Volcado de datos para la tabla `categories`
--

INSERT INTO `categories` (`id`, `name`, `image`) VALUES
(0, 'prensa','0.png'),
(1, 'souvenir','1.png'),
(2, 'fotocopia','2.png'),
(3, 'golosinas','3.png'),
(4, 'plantas','4.png'),
(5, 'vaper','5.png'),
(6, 'cremas','6.png'),
(7, 'bebidas','7.png'),
(8, 'helados','8.png'),
(9, 'milena','9.png'),
(10, 'papelería','10.png');

-- --------------------------------------------------------

--
-- Estructura de tabla para la tabla `items`
--

CREATE TABLE `items` (
  `price` double NOT NULL,
  `category_id` bigint(20) DEFAULT NULL,
  `id` bigint(20) NOT NULL,
  `name` varchar(255) DEFAULT NULL,
  `image` varchar(255) DEFAULT NULL
) ENGINE=InnoDB DEFAULT CHARSET=utf8mb4 COLLATE=utf8mb4_general_ci;

--
-- Volcado de datos para la tabla `items`
--

INSERT INTO `items` (`price`, `category_id`, `id`, `name`) VALUES
(0.1, 2, 0, 'A4 BN'),
(1, 3, 1, 'Chuches Variadas'),
(1.5, 7, 2, 'AGUA TURISTA GRANDE'),
(0.6, 7, 3, 'AGUA RESIDENTE PEQUEÑA'),
(1, 1, 11, 'MECHERO'),
(0.07, 3, 12, 'CARAMELOS SUELTOS'),
(4.75, 4, 13, 'ROSA MINI'),
(1.5, 4, 14, 'VINCA'),
(1.95, 4, 15, 'GAZANIA'),
(1.95, 4, 16, 'PENTA'),
(2.95, 4, 17, 'CLAVEL MINI'),
(1.95, 4, 18, 'CLAVEL CHINO'),
(4.5, 4, 19, 'CROSSANDRA'),
(2.5, 4, 20, 'CYCLAMEN'),
(1.95, 4, 21, 'ANTHIRRIUM SEMILLA'),
(1.95, 4, 22, 'PLATYCODON'),
(1.95, 4, 24, 'CUPHEA'),
(1.95, 4, 25, 'GOMPHREMA '),
(1, 1, 111, 'PULSERA ROJA'),
(0.3, 2, 123, 'A4 COLOR ESECIAL'),
(0.05, 2, 222, 'A4 B-N MUCHAS '),
(1.95, 1, 333, 'chupito fluor'),
(6.95, 1, 444, 'vino licor'),
(2.5, 10, 555, 'TRABAS PELO FLOR'),
(4.95, 1, 1111, 'Eliminar'),
(0.5, 1, 1234, 'A4 COLOR '),
(5.95, 6, 2222, 'Crema de manos aloe'),
(1, 3, 40111445, 'm&m'),
(1, 7, 40608006, 'pepsi'),
(1, 3, 50173204, 'ORBIT MENTA'),
(1, 3, 50312719, 'TWIRL'),
(1.2, 3, 80052760, 'KINDER BUENO'),
(6.75, 1, 83220128, 'Pack 3 Mojo'),
(8.75, 1, 83220135, 'Pack 4 Mojo'),
(1, 7, 84106582, 'AGUA GAS'),
(1, 3, 84164018, 'HALLS STRONG'),
(1, 3, 84164391, 'HALLS ORIGINAL'),
(1, 3, 84164773, 'HALLS CITRUS'),
(1, 3, 84198808, 'HALLS SANDIA'),
(1, 3, 84198945, 'HALLS HONEY'),
(2.4, 1, 85991149, 'PM'),
(1, 3, 87108019, 'MENTOS MINT'),
(1, 7, 87170382, 'PEPSI MAX'),
(1, 7, 87177756, '7UP'),
(1.5, 7, 90162800, 'red bull  sugar fee'),
(1.95, 4, 736640838047, 'SEMILLAS DRAGO'),
(1, 10, 820650104909, 'cartas pokemon'),
(1.95, 10, 820650107887, 'BARAJA POKEMON'),
(5.95, 10, 820650118746, 'POKEMON CAJA METAL'),
(1.95, 1, 1302700000007, 'iman popo las'),
(1.5, 0, 2500000012341, 'El Día'),
(3.1, 0, 3781229102603, 'Femme Actuelle'),
(2.7, 0, 3781231202308, 'Voici'),
(2.5, 0, 3781414601805, 'France Dimanch'),
(3.1, 0, 3781415002205, 'Public'),
(2.5, 0, 3781415101809, 'Ici Paris'),
(3, 0, 3781462902503, 'AUTO PLUS'),
(2.9, 0, 3781476002503, 'Maxi'),
(3.5, 0, 3781591102904, 'TOP SANTE'),
(2.9, 0, 3781887001904, 'FRANCE STARS'),
(2.7, 0, 3781899802308, 'CLOSER'),
(1, 3, 4009900535519, 'Chicle Orbit Menta'),
(1, 3, 4009900535823, 'ORBIT REFRES FRESA'),
(1, 3, 4009900540520, 'ORBIT REFRES TROPICAL'),
(1, 3, 4009900547635, 'ORBIT REFERS FRESA LIMON'),
(3.5, 0, 4190119902404, 'ECHO DER FRAU'),
(2.4, 0, 4190178301408, 'Bild'),
(5.6, 0, 4190194004109, 'BRIGUTTE'),
(6.2, 0, 4190201304406, 'BUNTE'),
(3.1, 0, 4190235702407, 'GUTE XXL RATSEL SP'),
(4.7, 0, 4190295403702, 'Frantfurter Allgemeine'),
(4.9, 0, 4190295403900, 'FRANTFURTER SABADO'),
(3.2, 0, 4190303402307, 'FREIZEIT REVUE'),
(5.5, 0, 4190308103902, 'FUR SIE'),
(6, 0, 4190349905206, 'FRANFFURTER SONNTAG'),
(3.8, 0, 4190376902407, 'HORZU'),
(2.8, 0, 4190378501899, 'AUF EINEN BLICK'),
(5.5, 0, 4190387503907, 'FREUDIN'),
(2.9, 0, 4190411101994, 'TINA'),
(4.6, 0, 4190433303307, 'AUTO BILD'),
(3.5, 0, 4190513402401, 'DAS NEVE BLATT'),
(5.3, 0, 4190533703809, 'AUTO ZEITUNG'),
(2.8, 0, 4190615201803, 'BILD DER FRAU'),
(2.8, 0, 4190628401993, 'bastei ratsel'),
(9.2, 0, 4190652506503, 'MOTOR KLASSIK'),
(8.3, 0, 4190700706701, 'Der Spiegel'),
(4.1, 0, 4190710902704, 'Die Welt'),
(8.6, 0, 4190745106702, 'Die Zeit'),
(3.3, 0, 4190770802303, 'DAS NEVE'),
(3.5, 0, 4190770802402, 'DAS NEVE'),
(8.4, 0, 4190804106209, 'STERN'),
(2.25, 0, 4191916201608, 'BASTEI SPEZIEL R'),
(2.6, 0, 4192541301855, 'bastei spezial rat sch'),
(3.9, 0, 4194024302403, 'TV TODAY'),
(2.4, 0, 4194173901694, 'FZR SENATOR'),
(2.3, 0, 4194449901403, 'NUR TV'),
(2.9, 0, 4194820501598, 'tv direck'),
(2.3, 0, 4194857001405, 'tv pur'),
(1.9, 0, 4194885601400, 'DIE NEVE FRAU'),
(3.2, 0, 4194909701598, 'TV14'),
(1.5, 0, 4195023100991, 'VIEL SPSS'),
(1.25, 0, 4196121100890, 'GUTE LAUNE'),
(4, 0, 4196350302508, 'TV SPIELFILM XXL'),
(2.3, 0, 4196396901307, 'TV 4X7'),
(2.2, 0, 4196508901409, 'FREIZEIT WOCHE'),
(1.9, 0, 4196517101401, 'FREIZEIT SPASS'),
(4.4, 0, 4196885902990, 'IN ALEMAN'),
(2.4, 0, 4196971101696, 'FRZ RATSEL WEL'),
(4.2, 0, 4196984502992, 'IN TOUCH'),
(7.5, 0, 4197435105908, 'AUTO BILD KLASSIK'),
(2.3, 0, 4197511901790, 'ILLU DER F'),
(3.4, 0, 4197800302505, 'TV DIGITAL '),
(1.25, 0, 4197813400892, 'SCHONE WELT'),
(2.7, 0, 4197892901495, 'tv mich'),
(5, 0, 4198115003606, 'MEINS'),
(2.6, 0, 4198132801797, 'LAURA'),
(2.6, 0, 4198132801896, 'LAURA'),
(2.2, 0, 4198136901592, 'FRZ SPEZ RATSEL'),
(2.2, 0, 4198137501593, 'fzr RATSEL KAI'),
(10.9, 0, 4198879208606, 'CRUCERO ALE'),
(1, 3, 5000159555715, 'maltesers'),
(1.4, 3, 5053990125029, 'PRINGEL ORIGINAL'),
(1, 3, 8000500359358, 'NUTELLA BISCUITS'),
(2.95, 1, 8100130030006, 'BOLA ISLA'),
(4.95, 1, 8100150108006, 'Pechule Lagarto'),
(1.5, 1, 8100190110007, 'Boligrafo Tenerife Plateado'),
(1.95, 1, 8100190120006, 'LLAVERO CERVEZA'),
(1.95, 1, 8100190124004, 'LLAVERO LORO'),
(1.95, 1, 8100190133006, 'LLAVERO LAGARTO M'),
(3.5, 1, 8100212151001, 'TAZA NEGRA '),
(4.95, 1, 8100484081006, 'vela volcan'),
(1.99, 1, 8100570100000, 'Lagarto Arena'),
(2.95, 1, 8101201014000, 'BOLA LORO '),
(3.95, 1, 8101201071003, 'LORO PEANA ALAS AB'),
(3.99, 1, 8101201288005, 'TAZA LAGARTO'),
(2.5, 1, 8101201302008, 'CHUPITO PLATEADO'),
(2.95, 1, 8101201308000, 'isla resina tenerife'),
(1.95, 1, 8101401090002, 'RASCADOR'),
(2.25, 1, 8101605276004, 'IMAN POPO MADERA'),
(2.25, 1, 8101605295005, 'IMAN MADERA POPO'),
(1.95, 1, 8101605346004, 'iman isla negro 2lagartos d'),
(2.5, 1, 8105118038005, 'abanico popo'),
(4.75, 1, 8105201091009, 'CENICERO RESINA NEGRA'),
(3.95, 1, 8105201370005, 'VELA REDONDA RESINA'),
(1.95, 1, 8105992018001, 'IMAN TABLA SURF'),
(2.5, 1, 8400000072502, 'jarra chupito'),
(4.95, 1, 8400000300223, 'GORRAS'),
(2.95, 1, 8400001310504, 'BOLA LAGARTO'),
(4.5, 1, 8400001313291, 'CAMELLO COLORINES'),
(2.95, 1, 8400001801620, 'TAZA SIN CUCHARA MOSAICO'),
(3.95, 1, 8400001801743, 'taza cuchara mosaico'),
(3.95, 1, 8400001802115, 'cenicero lagarto'),
(1.95, 1, 8400002300313, 'llavero lagarto diamante'),
(2.95, 1, 8400002300917, 'ARENA CORAZON'),
(1.95, 1, 8400002300993, 'BOTELLA BARCO'),
(1.5, 1, 8400003100592, 'Boligrafo Tenerife'),
(1.95, 1, 8400003100790, 'Boligrafo Colores'),
(2.3, 3, 8410031953763, 'SMINT EUCALIPTO'),
(0.5, 3, 8410034075011, 'HUESITO'),
(0.5, 3, 8410109102055, 'HUESITO BLANCO'),
(0.55, 3, 8410109111514, 'tokke'),
(1.95, 9, 8410303122026, 'PULSERA'),
(2.5, 9, 8410303122033, 'PULSERA BLANCA'),
(2.95, 9, 8410303122330, 'pulseras cuero'),
(1.95, 9, 8410303122354, 'PULSERA 3*5'),
(2.95, 9, 8410308112015, 'TOBILLERA'),
(3.5, 9, 8410309412350, 'TOBILLERA METAL'),
(2.95, 9, 8410321542295, 'collar tiburon'),
(3.95, 9, 8410326342395, 'COLLAR BLANCO'),
(1.2, 7, 8410408014196, 'ACUARADE'),
(1.2, 7, 8410409013389, 'TE MELOCOTON'),
(1, 7, 8410600003035, 'CLIPER'),
(1, 7, 8410793226136, 'CERVEZA VICTORIA'),
(1.5, 6, 8411250039900, 'HIGIENIZANTE'),
(1.2, 3, 8411859553159, 'triskys'),
(1.2, 3, 8412126141314, 'PIPAS'),
(0.6, 3, 8412700012832, 'cacaolat pastelito'),
(1.75, 7, 8412700020776, 'CACAOLAT BEBIDA'),
(1, 7, 8412755104025, 'JUGO PERA PIÑA'),
(1.95, 10, 8413042409960, 'SOPAS LETRA GRANDE'),
(1.95, 10, 8413042419921, 'SOPAS LETRA GRANDE'),
(1.9, 8, 8413200008660, 'SANDY POP'),
(2.45, 8, 8413200020105, 'TRUFO MANGO'),
(2.45, 8, 8413200030814, 'CARAMEL SALT'),
(2.25, 8, 8413200030821, 'PIVOT COOKIES'),
(1.9, 8, 8413200030838, 'EXOTIC'),
(2.2, 8, 8413200037936, 'pivot fresa'),
(1.55, 8, 8413200038070, 'mulato'),
(2.4, 8, 8413200401294, 'TRUFO ALMENDRADO'),
(2.55, 8, 8413200511733, 'SANTORY'),
(0.5, 3, 8413209313185, 'pictolin'),
(1, 7, 8414100357605, 'SCHWEPPES LIMON'),
(1, 7, 8414100360803, 'SCHWEPPES NARANJA'),
(0.6, 1, 8415001158001, 'POSTAL CUADRADO'),
(0.6, 1, 8415001158018, 'MARCADOR'),
(0.6, 1, 8415001158025, 'POSTAL PANORAMICA'),
(0.5, 1, 8415001158032, 'POSTAL TURQUESA'),
(1.95, 9, 8416118051001, 'CORDONES'),
(1.75, 8, 8420098202476, 'LIMON PALETTA'),
(1.75, 8, 8420098202483, 'HIELO FRAMBUESA'),
(1.75, 8, 8420098202513, 'PALETTA MANGO'),
(1.75, 8, 8420098202636, 'PALTTA COCO'),
(1.75, 8, 8420098203602, 'PALTTA MELOCOTON'),
(2.5, 1, 8421306000181, 'IMAN IMAGINA'),
(1.85, 1, 8421306000211, 'postal 3D'),
(2.5, 1, 8421306000358, 'IMAN CROMA'),
(4.5, 6, 8421427043920, 'JABON ALOE'),
(2.95, 1, 8421454002488, 'Mapa Puerto de la Cruz'),
(1, 1, 8421454200693, 'Tira de postales'),
(12.9, 1, 8421454210005, 'LIBRO TEN GRANDE'),
(8.9, 1, 8421454210050, 'Calendrio Grande AM'),
(2.5, 1, 8421454210227, 'IMAN PEQ AM'),
(2.5, 1, 8421454210241, 'IMAN GRANDE AM'),
(2.5, 1, 8421454210326, 'IMAN MADERA AM'),
(2.65, 8, 8421542098607, 'KUBANITO'),
(4.95, 10, 8422725554132, 'agenda 2025'),
(1.95, 4, 8423737099024, 'SEMILLA ROCALBA'),
(1.2, 0, 8423739000028, 'AS'),
(2, 0, 8423793000026, 'Mundo'),
(7, 0, 8423793001122, 'Guía Marca'),
(1.2, 0, 8423793110022, 'Marca'),
(2, 0, 8423793110060, 'MARCA DIA '),
(0.35, 1, 8424923001166, 'POSTAL SOFOTO PEQ'),
(0.5, 3, 8427149550302, 'palitos'),
(0.8, 7, 8428697101053, 'agua peq'),
(1.2, 7, 8428697101152, 'agua grande'),
(2.5, 1, 8429102000183, 'naipe español'),
(2.95, 1, 8429102038346, 'BARAJA POKER'),
(4.5, 1, 8430373044974, 'CAMIONES'),
(4.95, 1, 8430540619844, 'BUDA'),
(5.95, 6, 8435118472326, 'GEL ALOE PURO'),
(9.95, 6, 8435118476157, 'AFTER SUN ALOE'),
(1.95, 10, 8436049003474, 'TODO SOPAS'),
(2.95, 10, 8436049004020, '546 SOPAS'),
(1.2, 0, 8437004542021, 'Diario de Aviso'),
(1.9, 0, 8437006781015, 'Wochenblatt'),
(1.2, 7, 8437015031057, 'ENERGY ORIGINAL'),
(1.2, 7, 8437015031910, 'ENERGY CARIBE'),
(9.99, 5, 8719956008146, 'vaper blue kit'),
(9.99, 5, 8719964003911, 'vaper blue '),
(10.99, 5, 8719964031112, 'disposotivo blue 2.0'),
(5.99, 5, 8719964031174, 'recambio blue'),
(5.99, 5, 8719964031297, 'recambi blue'),
(5.99, 5, 8719964031327, 'recambio blue'),
(5.99, 5, 8719964031358, 'recambio blue'),
(5.99, 5, 8719964044969, 'recambio blue'),
(5.99, 5, 8719964044990, 'recambio blue'),
(1.5, 7, 9002490100070, 'red bull'),
(1.5, 7, 9002490271565, 'red bull summer'),
(3.5, 3, 9002859055553, 'CARAMELOS FINI FRUTA'),
(3.5, 3, 9002859055614, 'Fine Drops Frutos Rojos'),
(3.5, 3, 9002859064104, 'CARAMELOS FINE MENTA'),
(2.9, 0, 9770307757624, 'Daily Mail'),
(2.95, 0, 9770956805714, 'MIRROR'),
(4.1, 0, 9771125522005, 'semana enigmatica'),
(8.5, 1, 9788415326328, 'Mapa Tenerife'),
(3.95, 1, 9788415877943, 'Reptiles de Canarias'),
(3.95, 1, 9788416785445, 'Flora de Canarias'),
(8.9, 1, 9788416785759, 'Calendario Grande'),
(6.9, 1, 9788416785827, 'Calendario Pequeño'),
(3.95, 1, 9788492648399, 'Aves de Canarias'),
(3.95, 1, 9788492648405, 'Delfines y Ballenas de Canarias'),
(3.95, 1, 9788492648917, 'Peces de Canarias'),
(11.9, 10, 9788493485702, 'LIBRO TOD TEIDE');

-- --------------------------------------------------------

--
-- Estructura de tabla para la tabla `trades`
--

CREATE TABLE `trades` (
  `date` datetime(6) DEFAULT NULL,
  `id` bigint(20) NOT NULL
) ENGINE=InnoDB DEFAULT CHARSET=utf8mb4 COLLATE=utf8mb4_general_ci;

--
-- Volcado de datos para la tabla `trades`
--

INSERT INTO `trades` (`date`, `id`) VALUES
('2024-09-12 09:09:48.000000', 152),
('2024-09-12 09:27:55.000000', 153),
('2024-09-12 09:32:26.000000', 154),
('2024-09-12 09:33:06.000000', 156),
('2024-09-12 09:37:02.000000', 157),
('2024-09-12 09:38:00.000000', 158),
('2024-09-12 10:11:53.000000', 159),
('2024-09-12 10:13:03.000000', 160),
('2024-09-12 10:13:28.000000', 161),
('2024-09-12 10:13:43.000000', 162),
('2024-09-12 10:20:51.000000', 163),
('2024-09-12 10:37:02.000000', 164),
('2024-09-12 10:51:28.000000', 165),
('2024-09-12 11:00:20.000000', 167),
('2024-09-12 11:11:51.000000', 168),
('2024-09-12 11:12:19.000000', 169),
('2024-09-12 11:15:27.000000', 170),
('2024-09-12 11:16:24.000000', 171),
('2024-09-12 11:18:20.000000', 172),
('2024-09-12 11:21:10.000000', 173),
('2024-09-12 11:29:19.000000', 174),
('2024-09-12 11:45:58.000000', 175),
('2024-09-12 11:51:45.000000', 176),
('2024-09-12 11:52:54.000000', 177),
('2024-09-12 12:04:44.000000', 180),
('2024-09-12 12:04:59.000000', 181),
('2024-09-12 12:34:01.000000', 183),
('2024-09-12 12:38:31.000000', 184),
('2024-09-12 12:42:21.000000', 185),
('2024-09-12 12:43:31.000000', 186),
('2024-09-12 12:51:21.000000', 187),
('2024-09-12 12:54:03.000000', 188),
('2024-09-12 12:54:54.000000', 189),
('2024-09-12 13:02:44.000000', 190),
('2024-09-12 13:17:43.000000', 191),
('2024-09-12 13:17:47.000000', 192),
('2024-09-12 13:18:11.000000', 193),
('2024-09-12 13:56:43.000000', 194),
('2024-09-12 14:08:21.000000', 195),
('2024-09-12 14:08:43.000000', 196),
('2024-09-12 14:09:10.000000', 197),
('2024-09-12 14:09:22.000000', 198),
('2024-09-12 14:29:29.000000', 199),
('2024-09-12 14:34:06.000000', 200),
('2024-09-12 14:34:16.000000', 201),
('2024-09-12 14:39:16.000000', 202),
('2024-09-12 14:44:19.000000', 203),
('2024-09-12 14:48:49.000000', 204),
('2024-09-12 14:52:01.000000', 205),
('2024-09-12 14:57:15.000000', 206),
('2024-09-12 14:59:37.000000', 207),
('2024-09-12 15:17:11.000000', 208),
('2024-09-13 08:38:37.000000', 252),
('2024-09-13 08:39:13.000000', 253),
('2024-09-13 08:57:15.000000', 254),
('2024-09-13 08:57:49.000000', 255),
('2024-09-13 09:29:43.000000', 256),
('2024-09-13 10:14:18.000000', 257),
('2024-09-13 10:27:55.000000', 258),
('2024-09-13 10:28:15.000000', 259),
('2024-09-13 10:34:18.000000', 260),
('2024-09-13 10:37:13.000000', 261),
('2024-09-13 10:40:35.000000', 262),
('2024-09-13 10:46:42.000000', 263),
('2024-09-13 10:50:44.000000', 264),
('2024-09-13 10:54:49.000000', 265),
('2024-09-13 11:00:04.000000', 266),
('2024-09-13 11:08:10.000000', 267),
('2024-09-13 11:08:34.000000', 268),
('2024-09-13 11:18:54.000000', 269),
('2024-09-13 11:19:18.000000', 270),
('2024-09-13 11:19:36.000000', 271),
('2024-09-13 11:36:10.000000', 272),
('2024-09-13 11:40:02.000000', 273),
('2024-09-13 11:46:37.000000', 274),
('2024-09-13 12:00:03.000000', 275),
('2024-09-13 12:03:54.000000', 276),
('2024-09-13 12:04:14.000000', 277),
('2024-09-13 12:15:37.000000', 278),
('2024-09-13 12:20:00.000000', 279),
('2024-09-13 12:33:25.000000', 280),
('2024-09-13 12:38:19.000000', 281),
('2024-09-13 13:08:43.000000', 282),
('2024-09-13 13:09:05.000000', 283),
('2024-09-13 13:09:33.000000', 284),
('2024-09-13 13:09:50.000000', 285),
('2024-09-13 13:13:48.000000', 286),
('2024-09-13 13:22:55.000000', 287),
('2024-09-13 13:33:51.000000', 288),
('2024-09-13 13:35:34.000000', 289),
('2024-09-13 13:50:10.000000', 290),
('2024-09-13 13:50:27.000000', 291),
('2024-09-13 13:52:32.000000', 292),
('2024-09-13 13:53:08.000000', 293),
('2024-09-13 14:05:37.000000', 294),
('2024-09-13 14:09:15.000000', 295),
('2024-09-13 14:15:43.000000', 296),
('2024-09-13 14:28:40.000000', 297),
('2024-09-13 14:41:49.000000', 298),
('2024-09-13 14:42:21.000000', 299),
('2024-09-14 08:59:25.000000', 300),
('2024-09-14 09:02:24.000000', 301),
('2024-09-14 09:13:32.000000', 302),
('2024-09-14 09:22:27.000000', 303),
('2024-09-14 09:45:21.000000', 304),
('2024-09-14 09:47:07.000000', 305),
('2024-09-14 10:03:43.000000', 306),
('2024-09-14 10:11:31.000000', 307),
('2024-09-14 10:11:54.000000', 308),
('2024-09-14 10:18:14.000000', 309),
('2024-09-14 10:19:16.000000', 310),
('2024-09-14 10:42:37.000000', 311),
('2024-09-14 10:43:32.000000', 312),
('2024-09-14 10:45:11.000000', 313),
('2024-09-14 11:05:55.000000', 314),
('2024-09-14 11:09:06.000000', 315),
('2024-09-14 11:10:08.000000', 316),
('2024-09-14 11:25:57.000000', 317),
('2024-09-14 11:26:23.000000', 318),
('2024-09-14 11:31:08.000000', 319),
('2024-09-14 11:37:40.000000', 320),
('2024-09-14 11:37:54.000000', 321),
('2024-09-14 11:37:56.000000', 322),
('2024-09-14 11:38:10.000000', 323),
('2024-09-14 11:41:54.000000', 324),
('2024-09-14 11:53:15.000000', 325),
('2024-09-14 11:54:35.000000', 326),
('2024-09-14 12:16:06.000000', 327),
('2024-09-14 12:22:42.000000', 328),
('2024-09-14 12:25:23.000000', 329),
('2024-09-14 12:28:55.000000', 330),
('2024-09-14 12:43:12.000000', 331),
('2024-09-14 12:43:24.000000', 332),
('2024-09-14 12:46:47.000000', 333),
('2024-09-14 12:47:52.000000', 334),
('2024-09-14 12:54:54.000000', 335),
('2024-09-14 12:58:56.000000', 336),
('2024-09-16 08:58:49.000000', 352),
('2024-09-16 09:05:41.000000', 353),
('2024-09-16 09:21:32.000000', 354),
('2024-09-16 09:37:15.000000', 355),
('2024-09-16 09:41:18.000000', 356),
('2024-09-16 09:45:26.000000', 357),
('2024-09-16 09:46:28.000000', 358),
('2024-09-16 10:08:57.000000', 359),
('2024-09-16 10:09:10.000000', 360),
('2024-09-16 10:43:46.000000', 361),
('2024-09-16 10:49:53.000000', 362),
('2024-09-16 10:53:43.000000', 363),
('2024-09-16 10:58:50.000000', 364),
('2024-09-16 11:01:52.000000', 365),
('2024-09-16 11:13:52.000000', 366),
('2024-09-16 11:17:24.000000', 367),
('2024-09-16 11:18:26.000000', 368),
('2024-09-16 11:22:02.000000', 369),
('2024-09-16 11:23:30.000000', 370),
('2024-09-16 11:25:15.000000', 371),
('2024-09-16 11:25:34.000000', 372),
('2024-09-16 11:29:22.000000', 373),
('2024-09-16 11:32:52.000000', 374),
('2024-09-16 11:33:32.000000', 375),
('2024-09-16 11:33:48.000000', 376),
('2024-09-16 11:39:15.000000', 377),
('2024-09-16 11:41:02.000000', 378),
('2024-09-16 11:51:06.000000', 379),
('2024-09-16 11:55:01.000000', 380),
('2024-09-16 11:55:10.000000', 381),
('2024-09-16 11:55:29.000000', 382),
('2024-09-16 11:59:17.000000', 383),
('2024-09-16 12:08:43.000000', 384),
('2024-09-16 12:09:42.000000', 385),
('2024-09-16 12:11:12.000000', 386),
('2024-09-16 12:13:25.000000', 387),
('2024-09-16 12:18:26.000000', 388),
('2024-09-16 12:18:41.000000', 389),
('2024-09-16 12:21:33.000000', 390),
('2024-09-16 12:22:03.000000', 391),
('2024-09-16 12:22:41.000000', 392),
('2024-09-16 12:30:04.000000', 393),
('2024-09-16 12:30:30.000000', 394),
('2024-09-16 12:35:17.000000', 395),
('2024-09-16 12:39:38.000000', 396),
('2024-09-16 12:40:27.000000', 397),
('2024-09-16 12:47:26.000000', 398),
('2024-09-16 12:59:24.000000', 399),
('2024-09-16 13:13:39.000000', 400),
('2024-09-16 13:26:14.000000', 401),
('2024-09-16 13:27:35.000000', 402),
('2024-09-16 13:39:02.000000', 403),
('2024-09-16 13:40:10.000000', 404),
('2024-09-16 13:41:53.000000', 405),
('2024-09-16 13:59:01.000000', 406),
('2024-09-17 09:29:13.000000', 407),
('2024-09-17 09:42:16.000000', 408),
('2024-09-17 09:47:23.000000', 409),
('2024-09-17 09:48:11.000000', 410),
('2024-09-17 09:56:16.000000', 411),
('2024-09-17 10:00:40.000000', 412),
('2024-09-17 10:17:14.000000', 413),
('2024-09-17 10:22:33.000000', 414),
('2024-09-17 10:27:55.000000', 415),
('2024-09-17 10:32:44.000000', 416),
('2024-09-17 10:32:56.000000', 417),
('2024-09-17 10:39:24.000000', 418),
('2024-09-17 10:40:18.000000', 419),
('2024-09-17 10:52:43.000000', 420),
('2024-09-17 11:00:01.000000', 421),
('2024-09-17 11:04:28.000000', 422),
('2024-09-17 11:18:34.000000', 423),
('2024-09-17 11:18:47.000000', 424),
('2024-09-17 11:32:38.000000', 425),
('2024-09-17 11:37:30.000000', 426),
('2024-09-17 11:41:28.000000', 427),
('2024-09-17 11:46:15.000000', 428),
('2024-09-17 11:47:44.000000', 429),
('2024-09-17 11:50:07.000000', 430),
('2024-09-17 12:28:45.000000', 431),
('2024-09-17 12:41:08.000000', 432),
('2024-09-17 13:05:45.000000', 433),
('2024-09-17 13:06:19.000000', 434),
('2024-09-17 13:06:35.000000', 435),
('2024-09-17 13:34:07.000000', 436),
('2024-09-17 13:48:39.000000', 437),
('2024-09-17 14:01:04.000000', 438),
('2024-09-17 14:15:54.000000', 439),
('2024-09-17 14:16:33.000000', 440),
('2024-09-17 14:43:44.000000', 441),
('2024-09-17 14:47:41.000000', 442),
('2024-09-17 14:50:41.000000', 443),
('2024-09-17 14:54:44.000000', 444),
('2024-09-17 15:12:33.000000', 445),
('2024-09-17 15:15:08.000000', 446),
('2024-09-17 15:15:41.000000', 447),
('2024-09-17 15:16:34.000000', 448),
('2024-09-17 15:18:49.000000', 449),
('2024-09-17 15:32:11.000000', 450),
('2024-09-18 08:35:36.000000', 451),
('2024-09-18 08:59:22.000000', 452),
('2024-09-18 10:04:27.000000', 453),
('2024-09-18 10:22:29.000000', 454),
('2024-09-18 10:48:26.000000', 455),
('2024-09-18 10:52:24.000000', 456),
('2024-09-18 10:56:22.000000', 457),
('2024-09-18 11:13:47.000000', 458),
('2024-09-18 11:16:10.000000', 459),
('2024-09-18 11:22:00.000000', 460),
('2024-09-18 11:24:07.000000', 461),
('2024-09-18 11:34:17.000000', 462),
('2024-09-18 11:35:27.000000', 463),
('2024-09-18 11:57:24.000000', 464),
('2024-09-18 11:59:08.000000', 465),
('2024-09-18 12:05:18.000000', 466),
('2024-09-18 12:09:40.000000', 467),
('2024-09-18 12:20:12.000000', 468),
('2024-09-18 12:21:29.000000', 469),
('2024-09-18 12:27:46.000000', 470),
('2024-09-18 12:30:10.000000', 471),
('2024-09-18 12:49:15.000000', 472),
('2024-09-18 13:08:16.000000', 473),
('2024-09-18 13:47:29.000000', 474),
('2024-09-18 13:50:31.000000', 475),
('2024-09-18 14:09:08.000000', 476),
('2024-09-18 14:29:32.000000', 477),
('2024-09-18 14:47:57.000000', 478),
('2024-09-18 15:13:53.000000', 479),
('2024-09-19 08:57:06.000000', 480),
('2024-09-19 09:05:33.000000', 481),
('2024-09-19 09:15:29.000000', 482),
('2024-09-19 09:24:36.000000', 483),
('2024-09-19 09:38:58.000000', 484),
('2024-09-19 09:42:19.000000', 485),
('2024-09-19 10:09:17.000000', 486),
('2024-09-19 10:12:28.000000', 487),
('2024-09-19 10:13:50.000000', 488),
('2024-09-19 10:37:22.000000', 489),
('2024-09-19 10:43:03.000000', 490),
('2024-09-19 10:43:09.000000', 491),
('2024-09-19 10:43:40.000000', 492),
('2024-09-19 10:43:48.000000', 493),
('2024-09-19 10:46:20.000000', 494),
('2024-09-19 10:46:48.000000', 495),
('2024-09-19 10:52:16.000000', 496),
('2024-09-19 10:58:28.000000', 497),
('2024-09-19 10:59:01.000000', 498),
('2024-09-19 11:07:25.000000', 499),
('2024-09-19 11:09:44.000000', 500),
('2024-09-19 11:12:41.000000', 501),
('2024-09-19 11:15:44.000000', 502),
('2024-09-19 11:19:07.000000', 503),
('2024-09-19 11:23:44.000000', 504),
('2024-09-19 11:23:48.000000', 505),
('2024-09-19 11:28:26.000000', 506),
('2024-09-19 11:33:44.000000', 507),
('2024-09-19 11:33:49.000000', 508),
('2024-09-19 11:42:34.000000', 509),
('2024-09-19 11:46:12.000000', 510),
('2024-09-19 12:00:08.000000', 511),
('2024-09-19 12:02:14.000000', 512),
('2024-09-19 12:05:18.000000', 513),
('2024-09-19 12:19:28.000000', 514),
('2024-09-19 12:35:25.000000', 515),
('2024-09-19 12:41:11.000000', 516),
('2024-09-19 12:43:00.000000', 517),
('2024-09-19 12:46:56.000000', 518),
('2024-09-19 12:53:57.000000', 519),
('2024-09-19 12:55:18.000000', 520),
('2024-09-19 12:56:35.000000', 521),
('2024-09-19 12:58:30.000000', 522),
('2024-09-19 12:58:43.000000', 523),
('2024-09-19 13:02:30.000000', 524),
('2024-09-19 13:04:35.000000', 525),
('2024-09-19 13:06:58.000000', 526),
('2024-09-19 13:16:51.000000', 527),
('2024-09-19 13:17:56.000000', 528),
('2024-09-19 13:21:48.000000', 529),
('2024-09-19 13:23:10.000000', 530),
('2024-09-19 13:27:01.000000', 531),
('2024-09-19 14:21:06.000000', 532),
('2024-09-19 14:23:19.000000', 533),
('2024-09-19 14:28:54.000000', 534),
('2024-09-19 14:32:19.000000', 535),
('2024-09-19 14:51:10.000000', 536),
('2024-09-19 14:52:54.000000', 537),
('2024-09-19 14:54:29.000000', 538),
('2024-09-19 15:06:25.000000', 539),
('2024-09-19 15:10:41.000000', 540),
('2024-09-20 08:30:36.000000', 541),
('2024-09-20 08:59:12.000000', 542),
('2024-09-20 08:59:29.000000', 543),
('2024-09-20 09:01:14.000000', 544),
('2024-09-20 09:01:59.000000', 545),
('2024-09-20 09:11:24.000000', 546),
('2024-09-20 09:21:41.000000', 547),
('2024-09-20 09:25:06.000000', 548),
('2024-09-20 09:34:30.000000', 549),
('2024-09-20 09:35:18.000000', 550),
('2024-09-20 09:42:19.000000', 551),
('2024-09-20 09:44:22.000000', 552),
('2024-09-20 09:44:57.000000', 553),
('2024-09-20 09:46:32.000000', 554),
('2024-09-20 09:50:45.000000', 555),
('2024-09-20 10:04:43.000000', 556),
('2024-09-20 10:08:58.000000', 557),
('2024-09-20 10:10:03.000000', 558),
('2024-09-20 10:17:59.000000', 559),
('2024-09-20 10:18:46.000000', 560),
('2024-09-20 10:28:59.000000', 561),
('2024-09-20 10:35:51.000000', 562),
('2024-09-20 10:44:12.000000', 563),
('2024-09-20 10:55:10.000000', 564),
('2024-09-20 11:01:14.000000', 565),
('2024-09-20 11:01:59.000000', 566),
('2024-09-20 11:04:56.000000', 567),
('2024-09-20 11:08:50.000000', 568),
('2024-09-20 11:14:38.000000', 569),
('2024-09-20 11:23:58.000000', 570),
('2024-09-20 11:26:01.000000', 571),
('2024-09-20 11:37:12.000000', 572),
('2024-09-20 11:38:30.000000', 573),
('2024-09-20 11:48:34.000000', 574),
('2024-09-20 11:51:42.000000', 575),
('2024-09-20 11:52:04.000000', 576),
('2024-09-20 11:57:03.000000', 577),
('2024-09-20 11:58:16.000000', 578),
('2024-09-20 11:59:11.000000', 579),
('2024-09-20 12:02:04.000000', 580),
('2024-09-20 12:19:07.000000', 583),
('2024-09-20 12:20:37.000000', 584),
('2024-09-20 12:21:24.000000', 585),
('2024-09-20 12:32:27.000000', 586),
('2024-09-20 12:52:25.000000', 587),
('2024-09-20 12:54:56.000000', 588),
('2024-09-20 12:55:24.000000', 589),
('2024-09-20 12:57:36.000000', 590),
('2024-09-20 13:41:35.000000', 591),
('2024-09-20 13:42:52.000000', 592),
('2024-09-21 08:52:30.000000', 602),
('2024-09-21 08:52:53.000000', 603),
('2024-09-21 09:45:04.000000', 604),
('2024-09-21 09:49:05.000000', 605),
('2024-09-21 10:05:26.000000', 606),
('2024-09-21 10:06:56.000000', 607),
('2024-09-21 10:08:15.000000', 608),
('2024-09-21 10:12:06.000000', 609),
('2024-09-21 10:40:24.000000', 610),
('2024-09-21 10:45:13.000000', 611),
('2024-09-21 10:50:38.000000', 612),
('2024-09-21 10:56:05.000000', 613),
('2024-09-21 10:59:30.000000', 614),
('2024-09-21 11:01:15.000000', 615),
('2024-09-21 11:01:45.000000', 616),
('2024-09-21 11:13:35.000000', 617),
('2024-09-21 11:16:09.000000', 618),
('2024-09-21 11:17:16.000000', 619),
('2024-09-21 11:22:24.000000', 620),
('2024-09-21 11:24:37.000000', 621),
('2024-09-21 11:36:12.000000', 622),
('2024-09-21 11:47:07.000000', 623),
('2024-09-21 12:00:14.000000', 624),
('2024-09-21 12:01:32.000000', 625),
('2024-09-21 12:16:45.000000', 626),
('2024-09-21 12:18:32.000000', 627),
('2024-09-21 12:22:12.000000', 628),
('2024-09-21 12:26:34.000000', 629),
('2024-09-21 12:38:56.000000', 630),
('2024-09-21 12:42:00.000000', 631),
('2024-09-21 12:46:57.000000', 632),
('2024-09-21 13:12:46.000000', 633),
('2024-09-21 13:25:25.000000', 634),
('2024-09-21 13:25:37.000000', 635),
('2024-09-23 08:41:38.000000', 636),
('2024-09-23 08:51:08.000000', 637),
('2024-09-23 08:51:33.000000', 638),
('2024-09-23 09:00:17.000000', 639),
('2024-09-23 09:07:17.000000', 640),
('2024-09-23 09:35:25.000000', 641),
('2024-09-23 09:42:21.000000', 642),
('2024-09-23 09:46:43.000000', 643),
('2024-09-23 09:57:24.000000', 644),
('2024-09-23 10:16:37.000000', 645),
('2024-09-23 10:18:07.000000', 646),
('2024-09-23 10:39:05.000000', 647),
('2024-09-23 10:48:11.000000', 648),
('2024-09-23 10:55:35.000000', 649),
('2024-09-23 10:58:15.000000', 650),
('2024-09-23 11:01:53.000000', 651),
('2024-09-23 11:11:27.000000', 652),
('2024-09-23 11:13:29.000000', 653),
('2024-09-23 11:21:51.000000', 654),
('2024-09-23 11:22:05.000000', 655),
('2024-09-23 11:29:06.000000', 656),
('2024-09-23 11:34:14.000000', 657),
('2024-09-23 11:39:15.000000', 658),
('2024-09-23 11:49:25.000000', 659),
('2024-09-23 11:57:25.000000', 660),
('2024-09-23 12:00:02.000000', 661),
('2024-09-23 12:11:38.000000', 662),
('2024-09-23 12:34:11.000000', 663),
('2024-09-23 13:01:44.000000', 664),
('2024-09-23 13:32:28.000000', 665),
('2024-09-23 13:35:47.000000', 666),
('2024-09-23 14:10:48.000000', 667),
('2024-09-23 14:22:44.000000', 668),
('2024-09-23 14:46:34.000000', 669),
('2024-09-24 09:08:46.000000', 670),
('2024-09-24 09:12:25.000000', 671),
('2024-09-24 09:31:47.000000', 672),
('2024-09-24 09:40:12.000000', 673),
('2024-09-24 09:40:52.000000', 674),
('2024-09-24 09:50:46.000000', 675),
('2024-09-24 09:55:02.000000', 676),
('2024-09-24 10:01:41.000000', 677),
('2024-09-24 10:08:12.000000', 678),
('2024-09-24 10:09:43.000000', 679),
('2024-09-24 10:15:31.000000', 680),
('2024-09-24 10:19:16.000000', 681),
('2024-09-24 10:21:01.000000', 682),
('2024-09-24 10:28:11.000000', 683),
('2024-09-24 10:37:57.000000', 684),
('2024-09-24 10:42:06.000000', 685),
('2024-09-24 10:50:32.000000', 686),
('2024-09-24 10:54:40.000000', 687),
('2024-09-24 11:39:53.000000', 688),
('2024-09-24 11:53:11.000000', 689),
('2024-09-24 11:55:04.000000', 690),
('2024-09-24 12:10:34.000000', 691),
('2024-09-24 12:17:54.000000', 692),
('2024-09-24 12:19:44.000000', 693),
('2024-09-24 13:23:56.000000', 694),
('2024-09-24 13:56:12.000000', 695),
('2024-09-24 13:58:58.000000', 696),
('2024-09-24 14:09:08.000000', 697),
('2024-09-24 14:17:50.000000', 698),
('2024-09-25 09:00:36.000000', 699),
('2024-09-25 09:14:01.000000', 700),
('2024-09-25 09:16:18.000000', 701),
('2024-09-25 09:22:09.000000', 702),
('2024-09-25 09:28:30.000000', 703),
('2024-09-25 09:45:00.000000', 704),
('2024-09-25 09:53:10.000000', 705),
('2024-09-25 09:56:31.000000', 706),
('2024-09-25 10:22:47.000000', 707),
('2024-09-25 10:38:53.000000', 708),
('2024-09-25 10:39:53.000000', 709),
('2024-09-25 11:11:05.000000', 710),
('2024-09-25 11:12:09.000000', 711),
('2024-09-25 11:12:54.000000', 712),
('2024-09-25 11:14:23.000000', 713),
('2024-09-25 11:34:03.000000', 714),
('2024-09-25 11:36:24.000000', 715),
('2024-09-25 11:43:41.000000', 716),
('2024-09-25 11:45:56.000000', 717),
('2024-09-25 11:55:52.000000', 718),
('2024-09-25 12:17:19.000000', 719),
('2024-09-25 12:19:22.000000', 720),
('2024-09-25 12:22:29.000000', 721),
('2024-09-25 12:24:40.000000', 722),
('2024-09-25 12:25:57.000000', 723),
('2024-09-25 12:35:24.000000', 724),
('2024-09-25 12:36:20.000000', 725),
('2024-09-25 12:39:10.000000', 726),
('2024-09-25 12:44:21.000000', 727),
('2024-09-25 12:50:29.000000', 728),
('2024-09-25 13:12:18.000000', 729),
('2024-09-25 13:28:15.000000', 730),
('2024-09-25 13:38:38.000000', 731),
('2024-09-25 13:41:21.000000', 732),
('2024-09-25 13:55:54.000000', 733),
('2024-09-25 14:10:58.000000', 734);

-- --------------------------------------------------------

--
-- Estructura de tabla para la tabla `trades_items`
--

CREATE TABLE `trades_items` (
  `items_id` bigint(20) NOT NULL,
  `trades_id` bigint(20) NOT NULL
) ENGINE=InnoDB DEFAULT CHARSET=utf8mb4 COLLATE=utf8mb4_general_ci;

--
-- Volcado de datos para la tabla `trades_items`
--

INSERT INTO `trades_items` (`items_id`, `trades_id`) VALUES
(2500000012341, 152),
(0, 153),
(0, 153),
(0, 153),
(0, 153),
(8410034075011, 154),
(4190178301408, 156),
(9002490100070, 157),
(84164391, 158),
(8428697101053, 159),
(8428697101053, 159),
(87108019, 160),
(87108019, 160),
(4190178301408, 161),
(2500000012341, 162),
(4190178301408, 163),
(4190178301408, 164),
(9788492648399, 164),
(9788416785445, 164),
(4190178301408, 165),
(9770307757624, 165),
(8428697101053, 167),
(8428697101152, 168),
(4190178301408, 169),
(8413200511733, 170),
(8415001158032, 171),
(8415001158032, 171),
(8415001158032, 171),
(8415001158032, 171),
(8415001158001, 171),
(8428697101053, 172),
(8420098202483, 172),
(0, 173),
(0, 173),
(0, 173),
(0, 173),
(8421454200693, 173),
(8423739000028, 174),
(8437004542021, 174),
(8410600003035, 175),
(8410600003035, 175),
(9788416785827, 176),
(8400003100592, 176),
(8400003100592, 176),
(4190303402307, 176),
(8437006781015, 176),
(11, 177),
(8428697101152, 180),
(84106582, 181),
(12, 183),
(12, 183),
(12, 183),
(12, 183),
(12, 183),
(12, 183),
(12, 183),
(12, 183),
(12, 183),
(12, 183),
(12, 183),
(12, 183),
(12, 183),
(12, 183),
(12, 183),
(12, 183),
(12, 183),
(12, 184),
(12, 184),
(12, 184),
(12, 184),
(12, 184),
(12, 184),
(12, 184),
(12, 184),
(12, 184),
(12, 184),
(12, 184),
(12, 184),
(12, 184),
(12, 184),
(8410793226136, 185),
(8410793226136, 185),
(4190378501899, 186),
(8000500359358, 187),
(8420098202483, 187),
(8410793226136, 188),
(8410793226136, 188),
(8437004542021, 189),
(0, 190),
(0, 190),
(0, 190),
(0, 190),
(0, 190),
(0, 190),
(0, 190),
(0, 190),
(0, 190),
(0, 190),
(4196121100890, 191),
(4194909701598, 192),
(8400003100592, 193),
(5000159555715, 194),
(0, 194),
(0, 194),
(0, 194),
(0, 194),
(0, 194),
(0, 194),
(0, 194),
(0, 194),
(0, 194),
(0, 194),
(0, 194),
(0, 194),
(0, 194),
(0, 194),
(0, 194),
(0, 194),
(0, 194),
(8413200037936, 195),
(8413200037936, 195),
(8412700012832, 196),
(8412700012832, 196),
(84106582, 197),
(84106582, 198),
(0, 199),
(0, 199),
(0, 199),
(0, 199),
(0, 199),
(0, 199),
(0, 199),
(0, 199),
(0, 199),
(8428697101053, 200),
(5053990125029, 201),
(13, 202),
(8413200020105, 203),
(8428697101053, 203),
(8413200020105, 203),
(8415001158032, 204),
(8415001158032, 204),
(8415001158032, 204),
(8415001158032, 204),
(8437006781015, 205),
(84164773, 205),
(84198808, 205),
(12, 206),
(12, 206),
(12, 206),
(12, 206),
(12, 206),
(12, 206),
(12, 206),
(12, 206),
(12, 206),
(12, 206),
(12, 206),
(12, 206),
(12, 206),
(12, 206),
(12, 206),
(12, 206),
(12, 206),
(12, 206),
(12, 206),
(12, 206),
(12, 206),
(12, 206),
(12, 206),
(12, 206),
(12, 206),
(12, 206),
(12, 206),
(12, 206),
(12, 206),
(8415001158032, 207),
(4190178301408, 208),
(50173204, 252),
(8415001158001, 253),
(8415001158032, 253),
(8415001158032, 253),
(8415001158032, 253),
(2500000012341, 254),
(2500000012341, 255),
(2500000012341, 255),
(2500000012341, 255),
(2500000012341, 255),
(2500000012341, 255),
(8423737099024, 256),
(2500000012341, 257),
(40608006, 258),
(4190178301408, 259),
(0, 260),
(111, 261),
(9788416785759, 262),
(4190178301408, 263),
(84106582, 264),
(84106582, 264),
(9788416785759, 265),
(2500000012341, 266),
(9770307757624, 267),
(4190433303307, 268),
(8437006781015, 268),
(4190178301408, 268),
(8428697101053, 269),
(2500000012341, 270),
(19, 271),
(8421306000181, 272),
(8415001158032, 272),
(8428697101053, 273),
(5053990125029, 274),
(8410793226136, 274),
(8437004542021, 275),
(8428697101152, 276),
(4190178301408, 277),
(9770307757624, 277),
(8437004542021, 278),
(123, 279),
(123, 279),
(123, 279),
(123, 279),
(123, 279),
(123, 279),
(123, 279),
(123, 279),
(123, 279),
(123, 279),
(123, 279),
(123, 279),
(123, 279),
(123, 279),
(123, 279),
(123, 279),
(123, 279),
(123, 279),
(123, 279),
(123, 279),
(123, 279),
(123, 279),
(123, 279),
(123, 279),
(123, 279),
(123, 279),
(123, 279),
(123, 279),
(123, 279),
(123, 279),
(123, 279),
(123, 279),
(123, 279),
(123, 279),
(123, 279),
(123, 279),
(123, 279),
(123, 279),
(123, 279),
(123, 279),
(123, 279),
(123, 279),
(123, 279),
(123, 279),
(123, 279),
(123, 279),
(123, 279),
(123, 279),
(123, 279),
(123, 279),
(123, 279),
(123, 279),
(123, 279),
(123, 279),
(123, 279),
(123, 279),
(123, 279),
(123, 279),
(123, 279),
(123, 279),
(123, 279),
(123, 279),
(123, 279),
(123, 279),
(123, 279),
(123, 279),
(123, 279),
(123, 279),
(123, 279),
(123, 279),
(123, 279),
(123, 279),
(123, 279),
(123, 279),
(123, 279),
(123, 279),
(123, 279),
(123, 279),
(123, 279),
(123, 279),
(123, 279),
(123, 279),
(123, 279),
(123, 279),
(123, 279),
(123, 279),
(123, 279),
(123, 279),
(123, 279),
(123, 279),
(123, 279),
(123, 279),
(123, 279),
(123, 279),
(123, 279),
(123, 279),
(123, 279),
(123, 279),
(123, 279),
(123, 279),
(123, 279),
(123, 279),
(123, 279),
(123, 279),
(123, 279),
(123, 279),
(123, 279),
(123, 279),
(2500000012341, 280),
(8423793110022, 280),
(8428697101152, 281),
(8412126141314, 281),
(8410303122026, 282),
(8415001158032, 283),
(8437006781015, 284),
(4190178301408, 285),
(8437004542021, 286),
(4190303402307, 286),
(8415001158018, 287),
(8415001158018, 287),
(8415001158032, 288),
(8415001158001, 289),
(8415001158001, 289),
(8415001158032, 289),
(8415001158032, 289),
(8415001158032, 289),
(8415001158032, 289),
(8415001158018, 289),
(4190235702407, 290),
(123, 291),
(123, 291),
(0, 291),
(8424923001166, 292),
(8424923001166, 292),
(8424923001166, 292),
(8415001158001, 293),
(8415001158032, 293),
(8415001158032, 293),
(8428697101053, 294),
(8428697101152, 295),
(8413200020105, 296),
(8415001158018, 297),
(8415001158018, 297),
(8410303122330, 297),
(9788492648917, 297),
(8415001158032, 297),
(1, 297),
(8421542098607, 298),
(8424923001166, 299),
(8437004542021, 300),
(4190178301408, 301),
(9770307757624, 301),
(8423793110060, 302),
(8423793110060, 303),
(8428697101152, 304),
(4009900540520, 304),
(4009900535519, 304),
(4190178301408, 305),
(1111, 306),
(8416118051001, 307),
(4190178301408, 308),
(8428697101152, 309),
(8428697101152, 309),
(84106582, 309),
(5053990125029, 309),
(820650107887, 310),
(4190178301408, 311),
(8100150108006, 312),
(8410303122033, 312),
(8410303122033, 312),
(8100150108006, 312),
(8421306000181, 312),
(8423737099024, 313),
(8423737099024, 313),
(8428697101053, 313),
(8421542098607, 314),
(4190178301408, 315),
(19, 316),
(8428697101053, 317),
(9002859055553, 318),
(4190178301408, 319),
(84198945, 320),
(8428697101053, 321),
(8428697101053, 321),
(8428697101053, 322),
(84106582, 323),
(8410326342395, 324),
(4190178301408, 325),
(4196517101401, 326),
(8423793110060, 327),
(8437004542021, 328),
(8428697101053, 329),
(4009900540520, 329),
(8415001158032, 330),
(8415001158032, 330),
(8415001158032, 330),
(8415001158032, 330),
(8415001158032, 330),
(8415001158032, 330),
(8416118051001, 331),
(8428697101053, 332),
(0, 333),
(87170382, 334),
(8414100357605, 334),
(4009900547635, 334),
(8400003100790, 334),
(8423737099024, 335),
(8423737099024, 335),
(8423737099024, 335),
(8423737099024, 335),
(8423737099024, 335),
(8423737099024, 335),
(8423737099024, 335),
(8423737099024, 335),
(8423737099024, 335),
(8423737099024, 335),
(8410793226136, 336),
(9002490100070, 336),
(2500000012341, 352),
(84164018, 353),
(84164018, 353),
(4190178301408, 354),
(12, 355),
(12, 355),
(12, 355),
(12, 355),
(12, 355),
(12, 355),
(12, 355),
(12, 355),
(12, 355),
(12, 355),
(12, 355),
(12, 355),
(12, 355),
(12, 355),
(12, 355),
(12, 355),
(12, 355),
(12, 355),
(12, 355),
(12, 355),
(12, 355),
(12, 355),
(12, 355),
(12, 355),
(12, 355),
(12, 355),
(12, 355),
(12, 355),
(8100150108006, 356),
(8415001158025, 357),
(8410303122354, 357),
(8410303122354, 357),
(8415001158032, 357),
(4190700706701, 358),
(9788416785827, 359),
(9788416785827, 359),
(9788416785827, 359),
(9788416785759, 359),
(4009900540520, 360),
(4009900547635, 360),
(222, 361),
(222, 361),
(222, 361),
(222, 361),
(222, 361),
(222, 361),
(222, 361),
(222, 361),
(222, 361),
(222, 361),
(222, 361),
(222, 361),
(222, 361),
(222, 361),
(222, 361),
(222, 361),
(222, 361),
(222, 361),
(222, 361),
(222, 361),
(222, 361),
(222, 361),
(222, 361),
(222, 361),
(222, 361),
(222, 361),
(8400000072502, 362),
(9788415877943, 363),
(9788492648399, 363),
(9788492648405, 363),
(8415001158032, 363),
(8415001158032, 363),
(8415001158032, 363),
(8415001158032, 363),
(8415001158032, 363),
(8428697101053, 364),
(4190178301408, 365),
(9770307757624, 365),
(8428697101053, 366),
(84106582, 367),
(8421306000358, 368),
(8420098202483, 368),
(8420098202483, 368),
(4190178301408, 369),
(8428697101053, 370),
(8428697101053, 370),
(8428697101053, 371),
(40608006, 372),
(1111, 373),
(40608006, 374),
(8410793226136, 374),
(8410793226136, 375),
(8428697101053, 375),
(8428697101053, 375),
(8410031953763, 376),
(8412755104025, 377),
(8414100360803, 377),
(8424923001166, 378),
(8421306000211, 378),
(8421306000211, 378),
(8421306000211, 378),
(8421306000211, 378),
(8428697101053, 379),
(8428697101053, 379),
(40608006, 380),
(1111, 381),
(8421306000358, 382),
(8421306000358, 382),
(87177756, 383),
(87177756, 383),
(40608006, 383),
(40608006, 383),
(9788416785827, 384),
(9788416785759, 385),
(8429102038346, 386),
(8400003100790, 387),
(8400003100790, 387),
(8400003100790, 387),
(8400003100790, 387),
(8400003100790, 387),
(8400003100790, 387),
(8105118038005, 387),
(2222, 388),
(40608006, 389),
(8428697101053, 389),
(736640838047, 390),
(736640838047, 390),
(8423737099024, 391),
(8423737099024, 391),
(8423737099024, 392),
(8423737099024, 392),
(8423737099024, 393),
(8421306000358, 394),
(8410793226136, 395),
(8410793226136, 395),
(8413200020105, 396),
(8423737099024, 397),
(84106582, 397),
(0, 398),
(0, 398),
(0, 398),
(8100570100000, 399),
(8428697101152, 400),
(8428697101152, 400),
(8428697101152, 400),
(8428697101152, 400),
(8428697101152, 400),
(8428697101152, 400),
(8428697101152, 400),
(8428697101152, 400),
(8428697101152, 400),
(8428697101152, 400),
(8428697101152, 400),
(8428697101152, 400),
(8428697101152, 400),
(8428697101152, 400),
(8428697101152, 400),
(8428697101152, 400),
(8428697101152, 400),
(8428697101152, 400),
(8428697101152, 400),
(8428697101152, 400),
(8428697101152, 400),
(8428697101053, 401),
(8428697101053, 401),
(8400001801743, 402),
(8400001801743, 402),
(8421454210227, 403),
(8415001158018, 403),
(8415001158025, 403),
(8421454210241, 404),
(4196121100890, 405),
(0, 406),
(0, 406),
(0, 406),
(0, 406),
(0, 406),
(0, 406),
(0, 406),
(0, 406),
(0, 406),
(0, 406),
(0, 406),
(0, 406),
(0, 406),
(0, 406),
(0, 406),
(0, 406),
(0, 406),
(0, 406),
(0, 406),
(0, 406),
(0, 406),
(0, 406),
(0, 406),
(0, 406),
(0, 406),
(0, 406),
(0, 406),
(0, 406),
(0, 406),
(0, 406),
(0, 406),
(0, 406),
(0, 406),
(2500000012341, 407),
(9770307757624, 408),
(20, 408),
(20, 408),
(14, 408),
(14, 408),
(12, 409),
(12, 409),
(12, 409),
(12, 409),
(12, 409),
(12, 409),
(12, 409),
(12, 409),
(12, 409),
(12, 409),
(12, 409),
(12, 409),
(12, 409),
(12, 409),
(12, 409),
(12, 409),
(12, 409),
(12, 409),
(12, 409),
(12, 409),
(12, 409),
(12, 409),
(12, 409),
(12, 409),
(12, 409),
(12, 409),
(12, 409),
(12, 409),
(0, 410),
(0, 410),
(0, 410),
(0, 410),
(0, 410),
(0, 410),
(0, 410),
(0, 410),
(0, 410),
(0, 410),
(0, 410),
(0, 410),
(8437004542021, 411),
(4190178301408, 412),
(8413200511733, 413),
(0, 414),
(0, 415),
(0, 415),
(8428697101053, 416),
(8428697101053, 416),
(4190178301408, 417),
(50312719, 418),
(4190178301408, 419),
(4190513402401, 419),
(84106582, 420),
(8400001802115, 421),
(8423737099024, 422),
(8423737099024, 422),
(8423737099024, 422),
(8423737099024, 422),
(736640838047, 423),
(736640838047, 424),
(21, 425),
(21, 425),
(90162800, 426),
(8428697101053, 426),
(4190178301408, 427),
(9770307757624, 427),
(4190615201803, 428),
(8428697101053, 429),
(8428697101053, 429),
(8428697101053, 429),
(90162800, 430),
(8414100357605, 430),
(11, 431),
(0, 432),
(0, 432),
(0, 432),
(0, 432),
(8413200020105, 433),
(8413200037936, 433),
(8101605346004, 434),
(8415001158018, 435),
(8415001158032, 435),
(8415001158032, 435),
(4190700706701, 436),
(4190700706701, 437),
(8415001158032, 438),
(8415001158032, 438),
(4198132801797, 439),
(4190303402307, 439),
(4194885601400, 439),
(4196517101401, 439),
(4196885902990, 440),
(8415001158018, 441),
(8415001158018, 441),
(8415001158018, 441),
(111, 441),
(111, 441),
(111, 441),
(111, 441),
(111, 441),
(8100190110007, 441),
(8100190110007, 441),
(8410308112015, 442),
(8428697101053, 443),
(9788493485702, 444),
(8421306000181, 445),
(8421306000358, 445),
(8410303122354, 445),
(8410303122354, 445),
(8101605346004, 445),
(8410303122354, 446),
(8410303122354, 446),
(8413200037936, 447),
(8413200030821, 447),
(8400000300223, 448),
(8428697101053, 449),
(8421306000181, 450),
(8421306000358, 450),
(8101605295005, 450),
(4190376902407, 451),
(2500000012341, 452),
(8428697101152, 453),
(8428697101053, 454),
(87170382, 454),
(8428697101053, 455),
(8428697101053, 455),
(8410303122026, 456),
(8410303122033, 456),
(8410303122026, 456),
(8410308112015, 456),
(40608006, 457),
(84106582, 457),
(8423737099024, 458),
(8101605346004, 458),
(8415001158001, 459),
(8105201370005, 459),
(8428697101053, 460),
(84106582, 460),
(8428697101053, 461),
(4190178301408, 462),
(9770307757624, 462),
(24, 463),
(8415001158018, 464),
(8415001158018, 464),
(8415001158018, 464),
(8415001158018, 464),
(8415001158018, 464),
(8415001158018, 464),
(8415001158018, 464),
(8415001158018, 464),
(8415001158018, 464),
(8415001158018, 464),
(4009900535519, 465),
(4194909701598, 466),
(4194024302403, 466),
(4190178301408, 466),
(9771125522005, 467),
(8415001158032, 468),
(8415001158032, 468),
(8415001158025, 468),
(8415001158025, 468),
(8415001158025, 468),
(8415001158025, 468),
(8415001158025, 468),
(8415001158025, 468),
(8415001158025, 468),
(8415001158025, 468),
(8415001158025, 468),
(8415001158025, 468),
(84164018, 469),
(84164018, 469),
(40608006, 470),
(8428697101053, 470),
(8428697101053, 471),
(8428697101053, 471),
(8415001158032, 472),
(8412700012832, 473),
(84106582, 474),
(4190295403702, 475),
(1302700000007, 476),
(1302700000007, 476),
(15, 477),
(15, 477),
(15, 477),
(15, 477),
(15, 477),
(15, 477),
(18, 477),
(18, 477),
(4009900535519, 478),
(8428697101152, 479),
(8428697101152, 479),
(11, 480),
(50173204, 480),
(4197892901495, 481),
(4197892901495, 481),
(4190178301408, 482),
(4196517101401, 483),
(4196508901409, 483),
(4194024302403, 483),
(9770307757624, 484),
(4194857001405, 485),
(22, 486),
(22, 486),
(9770307757624, 487),
(8100190124004, 488),
(4190178301408, 489),
(8428697101053, 490),
(8428697101053, 490),
(8428697101053, 490),
(0, 491),
(0, 491),
(0, 491),
(0, 491),
(8410303122026, 492),
(8410303122026, 492),
(8413200038070, 493),
(84106582, 494),
(8428697101053, 495),
(4190178301408, 496),
(8410793226136, 497),
(8410793226136, 497),
(0, 498),
(0, 498),
(0, 498),
(0, 498),
(0, 498),
(4194820501598, 499),
(8437006781015, 500),
(8437006781015, 501),
(4190178301408, 501),
(8428697101053, 502),
(8414100357605, 502),
(8427149550302, 503),
(8428697101053, 503),
(8421454210227, 503),
(8421454210227, 503),
(9002859055614, 503),
(8428697101053, 503),
(12, 504),
(12, 504),
(12, 504),
(12, 504),
(12, 504),
(12, 504),
(1, 505),
(8437004542021, 506),
(8423739000028, 506),
(4194885601400, 507),
(8423737099024, 508),
(4194857001405, 509),
(0, 510),
(0, 510),
(0, 510),
(0, 510),
(0, 510),
(0, 510),
(0, 510),
(8428697101053, 511),
(4190178301408, 512),
(9770307757624, 512),
(8428697101053, 513),
(8428697101053, 513),
(8428697101053, 514),
(4194857001405, 515),
(8413200401294, 516),
(8413200020105, 516),
(8428697101152, 517),
(4190303402307, 518),
(4194909701598, 518),
(8105201091009, 519),
(8105201091009, 519),
(8400002300313, 519),
(8437006781015, 520),
(4194909701598, 520),
(8105201370005, 521),
(444, 522),
(333, 522),
(333, 522),
(8423737099024, 523),
(8423737099024, 523),
(8423737099024, 523),
(8423737099024, 524),
(8423737099024, 524),
(4009900540520, 525),
(4009900547635, 525),
(8413200008660, 526),
(8413200020105, 527),
(8413200020105, 527),
(8423737099024, 528),
(8423737099024, 528),
(8423737099024, 528),
(8423737099024, 528),
(4194909701598, 529),
(8415001158025, 530),
(8415001158025, 530),
(8101605346004, 530),
(87170382, 531),
(8423793001122, 532),
(8415001158032, 533),
(8415001158018, 533),
(8415001158018, 533),
(8415001158018, 533),
(8415001158032, 534),
(8415001158032, 534),
(8415001158032, 534),
(8415001158032, 534),
(8415001158025, 534),
(8415001158018, 534),
(8423737099024, 535),
(8423737099024, 535),
(8423737099024, 535),
(4198115003606, 536),
(40111445, 537),
(4190628401993, 538),
(4190178301408, 538),
(8424923001166, 539),
(8424923001166, 539),
(19, 540),
(40608006, 541),
(2500000012341, 541),
(2500000012341, 541),
(2500000012341, 541),
(2500000012341, 541),
(2500000012341, 541),
(8428697101152, 542),
(8428697101152, 542),
(1, 543),
(8428697101152, 544),
(8428697101152, 545),
(2500000012341, 546),
(8415001158032, 547),
(8415001158032, 547),
(8415001158032, 547),
(4196508901409, 548),
(4194857001405, 548),
(1302700000007, 549),
(4009900540520, 549),
(9770307757624, 550),
(4194857001405, 551),
(8415001158001, 552),
(4190178301408, 553),
(8413200038070, 554),
(3781899802308, 555),
(3781415002205, 555),
(3781231202308, 555),
(3781229102603, 555),
(4194024302403, 556),
(8428697101053, 557),
(4190178301408, 558),
(8100570100000, 559),
(8100570100000, 559),
(8100570100000, 559),
(8100570100000, 559),
(8100190110007, 560),
(4194820501598, 561),
(4190178301408, 562),
(84164391, 563),
(87108019, 563),
(4194857001405, 564),
(8437006781015, 564),
(22, 564),
(4194909701598, 565),
(4190178301408, 566),
(9770307757624, 566),
(8415001158032, 567),
(8415001158032, 567),
(4190770802303, 568),
(8428697101053, 569),
(8400002300313, 570),
(8428697101053, 571),
(4194909701598, 572),
(4194909701598, 573),
(8428697101053, 574),
(8414100357605, 574),
(8437006781015, 575),
(4194909701598, 576),
(8437006781015, 577),
(8428697101053, 578),
(8421454002488, 579),
(8420098202636, 580),
(8420098202636, 580),
(8420098202636, 580),
(8428697101053, 580),
(2, 583),
(4009900535519, 584),
(4194857001405, 585),
(8423737099024, 586),
(736640838047, 586),
(5000159555715, 587),
(8437006781015, 588),
(4194909701598, 588),
(40608006, 589),
(8410793226136, 590),
(8101201071003, 591),
(8101201071003, 591),
(8101201071003, 591),
(8100190124004, 591),
(8100570100000, 592),
(8437004542021, 602),
(9770307757624, 603),
(4190178301408, 603),
(9770307757624, 604),
(8428697101152, 605),
(8428697101053, 606),
(8428697101053, 606),
(8428697101053, 606),
(4190178301408, 607),
(4190178301408, 608),
(4194857001405, 609),
(8437006781015, 610),
(5053990125029, 611),
(8100570100000, 611),
(8413200038070, 612),
(8428697101053, 613),
(8428697101053, 613),
(222, 614),
(222, 614),
(222, 614),
(222, 614),
(222, 614),
(222, 614),
(222, 614),
(222, 614),
(222, 614),
(222, 614),
(222, 614),
(222, 614),
(222, 614),
(222, 614),
(222, 614),
(222, 614),
(222, 614),
(222, 614),
(222, 614),
(222, 614),
(222, 614),
(222, 614),
(222, 614),
(222, 614),
(222, 614),
(222, 614),
(222, 614),
(222, 614),
(222, 614),
(222, 614),
(222, 614),
(222, 614),
(222, 614),
(222, 614),
(222, 614),
(222, 614),
(222, 614),
(222, 614),
(222, 614),
(222, 614),
(222, 614),
(222, 614),
(222, 614),
(222, 614),
(222, 614),
(222, 614),
(222, 614),
(222, 614),
(222, 614),
(222, 614),
(222, 614),
(222, 614),
(222, 614),
(222, 614),
(222, 614),
(222, 614),
(222, 614),
(222, 614),
(222, 614),
(222, 614),
(222, 614),
(222, 614),
(222, 614),
(222, 614),
(222, 614),
(222, 614),
(222, 614),
(222, 614),
(222, 614),
(222, 614),
(222, 614),
(222, 614),
(222, 614),
(222, 614),
(222, 614),
(222, 614),
(222, 614),
(222, 614),
(222, 614),
(222, 614),
(222, 614),
(222, 614),
(222, 614),
(222, 614),
(222, 614),
(222, 614),
(222, 614),
(222, 614),
(222, 614),
(222, 614),
(222, 614),
(222, 614),
(222, 614),
(222, 614),
(222, 614),
(222, 614),
(222, 614),
(222, 614),
(222, 614),
(222, 614),
(222, 614),
(222, 614),
(222, 614),
(222, 614),
(222, 614),
(222, 614),
(222, 614),
(222, 614),
(222, 614),
(222, 614),
(222, 614),
(222, 614),
(222, 614),
(222, 614),
(222, 614),
(222, 614),
(222, 614),
(222, 614),
(222, 614),
(222, 614),
(222, 614),
(222, 614),
(222, 614),
(222, 614),
(222, 614),
(222, 614),
(222, 614),
(222, 614),
(222, 614),
(222, 614),
(222, 614),
(222, 614),
(222, 614),
(222, 614),
(222, 614),
(222, 614),
(222, 614),
(222, 614),
(222, 614),
(222, 614),
(222, 614),
(222, 614),
(222, 614),
(222, 614),
(222, 614),
(222, 614),
(222, 614),
(222, 614),
(222, 614),
(222, 614),
(222, 614),
(222, 614),
(222, 614),
(222, 614),
(222, 614),
(222, 614),
(222, 614),
(222, 614),
(222, 614),
(222, 614),
(222, 614),
(222, 614),
(222, 614),
(222, 614),
(222, 614),
(222, 614),
(222, 614),
(222, 614),
(222, 614),
(222, 614),
(222, 614),
(222, 614),
(222, 614),
(222, 614),
(222, 614),
(222, 614),
(222, 614),
(222, 614),
(222, 614),
(222, 614),
(222, 614),
(222, 614),
(222, 614),
(222, 614),
(222, 614),
(222, 614),
(222, 614),
(222, 614),
(222, 614),
(222, 614),
(222, 614),
(222, 614),
(222, 614),
(222, 614),
(222, 614),
(222, 614),
(222, 614),
(222, 614),
(222, 614),
(222, 614),
(222, 614),
(222, 614),
(222, 614),
(222, 614),
(222, 614),
(222, 614),
(222, 614),
(222, 614),
(222, 614),
(222, 614),
(222, 614),
(222, 614),
(222, 614),
(222, 614),
(222, 614),
(222, 614),
(222, 614),
(222, 614),
(222, 614),
(222, 614),
(222, 614),
(222, 614),
(222, 614),
(222, 614),
(222, 614),
(222, 614),
(222, 614),
(222, 614),
(222, 614),
(222, 614),
(222, 614),
(222, 614),
(222, 614),
(222, 614),
(8437006781015, 615),
(1, 616),
(8428697101053, 617),
(8428697101053, 617),
(8421454210241, 618),
(8421306000358, 618),
(4194857001405, 619),
(8428697101053, 620),
(8428697101053, 620),
(8413200401294, 621),
(87177756, 621),
(8423737099024, 622),
(8415001158032, 622),
(8415001158032, 622),
(12, 622),
(12, 622),
(12, 622),
(12, 622),
(12, 622),
(12, 622),
(12, 622),
(12, 622),
(12, 622),
(12, 622),
(12, 622),
(12, 622),
(12, 622),
(1, 622),
(8423793000026, 623),
(3781476002503, 624),
(3781229102603, 624),
(3781591102904, 625),
(8428697101053, 626),
(40608006, 627),
(40608006, 627),
(1, 627),
(1, 628),
(1, 628),
(9002490100070, 629),
(9002490100070, 629),
(11, 630),
(8415001158018, 631),
(4194909701598, 632),
(4194820501598, 632),
(8428697101152, 633),
(4194909701598, 634),
(8101605346004, 635),
(2500000012341, 636),
(8423737099024, 637),
(8423737099024, 637),
(8437006781015, 638),
(9771125522005, 639),
(8415001158018, 640),
(123, 641),
(123, 641),
(123, 641),
(123, 641),
(123, 641),
(4190178301408, 642),
(9770307757624, 643),
(12, 644),
(12, 644),
(12, 644),
(12, 644),
(12, 644),
(12, 644),
(12, 644),
(12, 644),
(12, 644),
(12, 644),
(12, 644),
(12, 644),
(12, 644),
(12, 644),
(8428697101152, 645),
(4190201304406, 646),
(4190303402307, 646),
(8424923001166, 647),
(8424923001166, 647),
(8424923001166, 647),
(8424923001166, 647),
(8424923001166, 647),
(8421306000358, 648),
(4194857001405, 649),
(4190178301408, 650),
(0, 651),
(0, 651),
(0, 651),
(8421454210326, 652),
(8421454210326, 652),
(4194820501598, 653),
(8423737099024, 654),
(8423737099024, 654),
(1, 655),
(8415001158018, 656),
(4190178301408, 657),
(9770307757624, 657),
(4190178301408, 658),
(4190433303307, 658),
(2500000012341, 659),
(4190178301408, 660),
(8410303122026, 661),
(8415001158032, 662),
(8415001158032, 662),
(8415001158032, 662),
(8415001158032, 662),
(8400003100592, 662),
(4190652506503, 663),
(8415001158001, 664),
(736640838047, 665),
(8423737099024, 665),
(8423737099024, 665),
(8423737099024, 665),
(8423737099024, 665),
(8423737099024, 666),
(8437006781015, 667),
(9002490100070, 668),
(222, 669),
(222, 669),
(222, 669),
(222, 669),
(222, 669),
(222, 669),
(222, 669),
(222, 669),
(222, 669),
(222, 669),
(222, 669),
(222, 669),
(222, 669),
(222, 669),
(222, 669),
(222, 669),
(222, 669),
(222, 669),
(222, 669),
(222, 669),
(222, 669),
(222, 669),
(222, 669),
(222, 669),
(222, 669),
(222, 669),
(222, 669),
(222, 669),
(222, 669),
(222, 669),
(222, 669),
(222, 669),
(222, 669),
(222, 669),
(222, 669),
(222, 669),
(222, 669),
(222, 669),
(222, 669),
(222, 669),
(2500000012341, 670),
(2500000012341, 671),
(8428697101053, 672),
(8428697101053, 672),
(4190700706701, 673),
(9770307757624, 674),
(8428697101152, 675),
(8428697101152, 675),
(8428697101152, 675),
(8428697101152, 675),
(8428697101152, 675),
(8428697101152, 675),
(8428697101152, 675),
(8428697101152, 675),
(8428697101152, 675),
(8428697101152, 675),
(8428697101152, 675),
(8428697101152, 675),
(8428697101152, 675),
(8428697101152, 675),
(8428697101152, 675),
(8428697101152, 675),
(8428697101152, 675),
(8428697101152, 675),
(8428697101152, 675),
(8428697101152, 675),
(8428697101152, 675),
(8428697101152, 675),
(8428697101152, 675),
(8428697101152, 675),
(8428697101152, 675),
(8428697101152, 675),
(8428697101152, 675),
(8410408014196, 676),
(4190178301408, 677),
(87177756, 678),
(87177756, 678),
(8412700012832, 679),
(8421454210227, 680),
(8421454210326, 680),
(8415001158025, 681),
(8415001158025, 681),
(8415001158025, 681),
(8415001158025, 681),
(8415001158025, 681),
(8415001158025, 681),
(8415001158025, 681),
(8415001158025, 681),
(8415001158025, 681),
(8415001158025, 681),
(4190513402401, 681),
(9770307757624, 682),
(0, 683),
(0, 683),
(8413200038070, 684),
(4190178301408, 685),
(8415001158018, 686),
(8415001158032, 686),
(8415001158032, 686),
(8415001158025, 686),
(8424923001166, 686),
(8423737099024, 686),
(8423737099024, 686),
(9770307757624, 687),
(4190178301408, 688),
(9770307757624, 688),
(8413200401294, 689),
(8400000300223, 690),
(8423737099024, 690),
(8423737099024, 690),
(8400000300223, 690),
(8413200030821, 691),
(40111445, 691),
(8000500359358, 691),
(8412755104025, 692),
(84164018, 692),
(84164018, 692),
(84164018, 692),
(84164018, 692),
(84164018, 692),
(4194857001405, 693),
(8416118051001, 694),
(8421454210326, 695),
(8413200401294, 696),
(8413200030821, 696),
(4190178301408, 697),
(8428697101053, 698),
(2500000012341, 699),
(2500000012341, 700),
(12, 701),
(12, 701),
(12, 701),
(12, 701),
(12, 701),
(12, 701),
(12, 701),
(12, 701),
(12, 701),
(12, 701),
(12, 701),
(12, 701),
(12, 701),
(12, 701),
(12, 701),
(12, 701),
(12, 701),
(12, 701),
(12, 701),
(12, 701),
(12, 701),
(12, 701),
(12, 701),
(12, 701),
(12, 701),
(12, 701),
(12, 701),
(12, 701),
(8437004542021, 702),
(9788492648917, 703),
(9770307757624, 704),
(8428697101053, 705),
(8428697101053, 706),
(8428697101053, 706),
(4190178301408, 707),
(1302700000007, 708),
(1302700000007, 708),
(8428697101053, 709),
(8428697101053, 709),
(8423737099024, 710),
(8423737099024, 710),
(8423737099024, 710),
(4190387503907, 710),
(4190201304406, 711),
(4196517101401, 711),
(8429102038346, 712),
(8421427043920, 712),
(8421454200693, 713),
(8428697101053, 714),
(4190178301408, 715),
(9770307757624, 715),
(8437006781015, 716),
(9788416785759, 717),
(8428697101053, 718),
(8410308112015, 719),
(8410308112015, 719),
(8410303122354, 719),
(8410303122354, 719),
(8101605346004, 719),
(8410303122026, 720),
(8410303122026, 720),
(8410303122026, 720),
(8410303122026, 720),
(8410303122026, 720),
(8421454200693, 720),
(4190770802402, 721),
(8437006781015, 721),
(4196517101401, 721),
(8413200020105, 722),
(8420098203602, 723),
(8410303122026, 724),
(8415001158001, 724),
(8410409013389, 725),
(8410409013389, 725),
(8415001158032, 726),
(4009900535519, 726),
(8428697101053, 727),
(8428697101053, 727),
(8415001158032, 728),
(8415001158032, 728),
(4198132801896, 729),
(4190194004109, 729),
(87170382, 729),
(87170382, 729),
(8412755104025, 730),
(8410034075011, 730),
(8428697101152, 731),
(83220128, 731),
(8424923001166, 732),
(8424923001166, 732),
(8424923001166, 732),
(8423737099024, 732),
(8423737099024, 732),
(8423737099024, 732),
(8423737099024, 732),
(8423737099024, 732),
(8423737099024, 732),
(8410031953763, 733),
(8428697101053, 734);

-- --------------------------------------------------------

--
-- Estructura de tabla para la tabla `trades_seq`
--

CREATE TABLE `trades_seq` (
  `next_val` bigint(20) DEFAULT NULL
) ENGINE=InnoDB DEFAULT CHARSET=utf8mb4 COLLATE=utf8mb4_general_ci;

--
-- Volcado de datos para la tabla `trades_seq`
--

INSERT INTO `trades_seq` (`next_val`) VALUES
(801);

--
-- Índices para tablas volcadas
--

--
-- Indices de la tabla `categories`
--
ALTER TABLE `categories`
  ADD PRIMARY KEY (`id`);

--
-- Indices de la tabla `items`
--
ALTER TABLE `items`
  ADD PRIMARY KEY (`id`),
  ADD KEY `FKjcdcde7htb3tyjgouo4g9xbmr` (`category_id`);

--
-- Indices de la tabla `trades`
--
ALTER TABLE `trades`
  ADD PRIMARY KEY (`id`);

--
-- Indices de la tabla `trades_items`
--
ALTER TABLE `trades_items`
  ADD KEY `FKsui3iijlev5vdx4ojtrs4dvma` (`items_id`),
  ADD KEY `FK7yt22oasw9k980hii1hmro95r` (`trades_id`);

--
-- Restricciones para tablas volcadas
--

--
-- Filtros para la tabla `items`
--
ALTER TABLE `items`
  ADD CONSTRAINT `FKjcdcde7htb3tyjgouo4g9xbmr` FOREIGN KEY (`category_id`) REFERENCES `categories` (`id`);

--
-- Filtros para la tabla `trades_items`
--
ALTER TABLE `trades_items`
  ADD CONSTRAINT `FK7yt22oasw9k980hii1hmro95r` FOREIGN KEY (`trades_id`) REFERENCES `trades` (`id`),
  ADD CONSTRAINT `FKsui3iijlev5vdx4ojtrs4dvma` FOREIGN KEY (`items_id`) REFERENCES `items` (`id`);
COMMIT;

/*!40101 SET CHARACTER_SET_CLIENT=@OLD_CHARACTER_SET_CLIENT */;
/*!40101 SET CHARACTER_SET_RESULTS=@OLD_CHARACTER_SET_RESULTS */;
/*!40101 SET COLLATION_CONNECTION=@OLD_COLLATION_CONNECTION */;

